Strategy,Trades,Wins,Losses,Flat,Win %,Gross BTC,Net BTC,Avg Trade BTC,Expectancy,Avg Win,Avg Loss,Profit Factor,Max DD,Final Equity,Return %,Avg Hold,Median Hold,Longest Hold,Trail exits,SL exits,Same-candle SL,Trail %,SL %,Fallback %,Fallback Count,Strategy Switch Count,net_usd,net_return_pct_capital,variant,arm,phase
BASE_T1,456,229,227,0,50.22,0.001626241719397425,-4.0835639977565975e-05,-8.955184205606574e-08,-9.145467080040664e-05,7.101492224442904e-06,-7.343953124999961e-06,0.975504652049935,-0.025732714081030336,0.007792714360022434,-0.5212916235623144,0.23994456627680316,0.11763888888888888,5.335555555555556,229,227,0,50.22,49.78,,0,0,-2.000175314402891,-0.20001753144028908,BASE,T1,full
BASE_T1,186,92,94,0,49.46,0.0006465454258098057,-4.3786167940190485e-05,-2.3540950505478757e-07,-0.0002404115682466187,7.027667671845714e-06,-7.34395312499996e-06,0.9365722671008917,-0.025732714081030336,0.00778976383205981,-0.5589568961733793,0.2654510155316607,0.1363888888888889,5.335555555555556,92,94,0,49.46,50.54,,0,0,-2.3705650716600437,-0.23705650716600438,BASE,T1,select
BASE_T1,270,137,133,0,50.74,0.0009796962935876192,2.95052796262451e-06,1.092788134305374e-08,1.116008077365045e-05,7.15106783640598e-06,-7.34395312499996e-06,1.003020773743244,-0.019779700359758814,0.007836500527962625,0.03766527261106489,0.22237345679012346,0.10180555555555557,3.841388888888889,137,133,0,50.74,49.26,,0,0,0.3703897572571577,0.037038975725715774,BASE,T1,holdout
BASE_T2,456,227,229,0,49.78,0.002151951254281221,-9.040243321878252e-05,-1.9825095004118975e-07,-0.00020246345530819577,9.479961472604498e-06,-9.791937500000016e-06,0.9596841329167959,-0.040862470242009605,0.007743147566781217,-1.1540416952567245,0.5554258040935672,0.20569444444444446,12.6275,227,229,0,49.78,50.22,,0,0,-4.422963690362914,-0.4422963690362914,BASE,T2,full
BASE_T2,186,88,98,0,47.31,0.0008437523016666109,-0.0001158575733333911,-6.228901792117801e-07,-0.0006361255667857151,9.588094337120578e-06,-9.79193750000002e-06,0.8792659638549563,-0.040862470242009605,0.007717692426666609,-1.4789919427767861,0.7681481481481482,0.23819444444444443,12.6275,88,98,0,47.31,52.69,,0,0,-6.692379941994791,-0.669237994199479,BASE,T2,select
BASE_T2,270,139,131,0,51.48,0.0013081989526146102,2.5455140114608575e-05,9.42782967207725e-08,9.628155482076203e-05,9.411503256220217e-06,-9.791937500000011e-06,1.0198442899248898,-0.018067216074875395,0.007859005140114608,0.32495024752006163,0.40888374485596707,0.18194444444444444,6.7219444444444445,139,131,0,51.48,48.52,,0,0,2.269416251631874,0.22694162516318742,BASE,T2,holdout
BASE_T3,456,229,227,0,50.22,0.0015769709854331307,-9.010637394186018e-05,-1.9760169724092143e-07,-0.00020180040695819528,6.886336180930702e-06,-7.343953124999961e-06,0.9459494945239719,-0.030575958357421305,0.007743443626058139,-1.1502623196617212,0.2647867933723197,0.13597222222222222,5.335555555555556,229,227,0,50.22,49.78,,0,0,-5.579783088787782,-0.5579783088787782,BASE,T3,full
BASE_T3,186,92,94,0,49.46,0.0006338230361683549,-5.650855758164127e-05,-3.038094493636627e-07,-0.0003102648984061251,6.889380827916901e-06,-7.34395312499996e-06,0.9181428778673197,-0.030575958357421305,0.007777041442418359,-0.7213658887942342,0.299578853046595,0.1502777777777778,5.335555555555556,92,94,0,49.46,50.54,,0,0,-3.0902577752978355,-0.30902577752978355,BASE,T3,select
BASE_T3,270,137,133,0,50.74,0.0009431479492647758,-3.359781636021891e-05,-1.2443635688969968e-07,-0.00012708042396073271,6.884291600472816e-06,-7.34395312499996e-06,0.965602291258749,-0.02149051870772465,0.007799952183639781,-0.42889643086747586,0.2408189300411522,0.12444444444444444,3.841388888888889,137,133,0,50.74,49.26,,0,0,-2.4895253134899438,-0.24895253134899437,BASE,T3,holdout
BASE_T4,456,227,229,0,49.78,0.0021163584469415784,-0.00012599524055842523,-2.763053521018097e-07,-0.00028217638450185145,9.323164964500346e-06,-9.791937500000016e-06,0.9438111653568366,-0.03977019573544008,0.007707554759441575,-1.60840539166055,0.5811884746588694,0.2275,12.665,227,229,0,49.78,50.22,,0,0,-7.711799675285926,-0.7711799675285925,BASE,T4,full
BASE_T4,186,88,98,0,47.31,0.0008808484443769884,-7.87614306230136e-05,-4.2344855173663224e-07,-0.0004324461341145531,1.0009641413374867e-05,-9.79193750000002e-06,0.9179234888313197,-0.03977019573544008,0.007754788569376986,-1.0054372618163443,0.8065740740740741,0.2516666666666667,12.665,88,98,0,47.31,52.69,,0,0,-4.310180304862271,-0.4310180304862271,BASE,T4,select
BASE_T4,270,139,131,0,51.48,0.00123551000256459,-4.723380993541164e-05,-1.749400367978209e-07,-0.00017865722365754583,8.888561169529424e-06,-9.791937500000011e-06,0.9631775187881396,-0.024441690882933156,0.007786316190064588,-0.6029681298442169,0.4259228395061729,0.20402777777777775,6.7219444444444445,139,131,0,51.48,48.52,,0,0,-3.4016193704236546,-0.34016193704236547,BASE,T4,holdout
BASE_T5,456,272,184,0,59.65,0.002536813426661952,-0.0001657613233380517,-3.6351167398695547e-07,-0.0003712356967014499,9.32651995096306e-06,-1.4687906250000023e-05,0.9386654066319343,-0.04960185047218995,0.007667788676661948,-2.11604347119827,1.0156469298245614,0.37819444444444444,15.823055555555555,272,184,0,59.65,40.35,,0,0,-9.416094222812008,-0.9416094222812008,BASE,T5,full
BASE_T5,186,104,82,0,55.91,0.001024833666570962,-0.00017957464592904002,-9.6545508564e-07,-0.000985969411712442,9.854169870874634e-06,-1.4687906250000023e-05,0.8509021865215335,-0.04960185047218995,0.0076539753540709595,-2.2923788822314273,1.37531660692951,0.4798611111111111,15.823055555555555,104,82,0,55.91,44.09,,0,0,-11.222586934541281,-1.122258693454128,BASE,T5,select
BASE_T5,270,168,102,0,62.22,0.0015119797600909902,1.3813322590988317e-05,5.116045404069747e-08,5.224752919501129e-05,8.999879524351132e-06,-1.4687906250000023e-05,1.0092201522108841,-0.023673726619693417,0.007847363322590988,0.1763354110331683,0.7678744855967078,0.32416666666666666,10.7625,168,102,0,62.22,37.78,,0,0,1.8064927117292715,0.18064927117292714,BASE,T5,holdout
BASE_T6,456,229,227,0,50.22,0.0033103457602972285,-2.380895845277564e-05,-5.2212628185911496e-08,-5.332206030309246e-05,1.4455658341909294e-05,-1.4687906250000018e-05,0.9928590721003788,-0.047991824989871826,0.007809741041547224,-0.30393574372762355,1.5967086988304093,0.5611111111111111,36.17444444444445,229,227,0,50.22,49.78,,0,0,0.2525612691241639,0.02525612691241639,BASE,T6,full
BASE_T6,186,91,95,0,48.92,0.0013164836740570509,-7.886741969295133e-05,-4.240183854459749e-07,-0.0004330280758491103,1.4466853561066493e-05,-1.4687906250000025e-05,0.9434784406260108,-0.047991824989871826,0.007754682580307049,-1.0067902763491787,1.9464336917562726,0.6876388888888889,20.50138888888889,91,95,0,48.92,51.08,,0,0,-4.765168480731736,-0.4765168480731736,BASE,T6,select
BASE_T6,270,138,132,0,51.11,0.0019938620862401777,5.505846124017569e-05,2.0392022681546553e-07,0.0002082531948508306,1.4448275987247664e-05,-1.4687906250000016e-05,1.028398162934204,-0.021400836957764967,0.007888608461240176,0.7028545326215552,1.355787037037037,0.5016666666666667,36.17444444444445,138,132,0,51.11,48.89,,0,0,5.0177297498558975,0.5017729749855898,BASE,T6,holdout
BASE_T7,456,241,215,0,52.85,0.004776811411475417,0.0005662782864754107,1.2418383475337953e-06,0.0012682253614606871,1.9820794238487207e-05,-1.9583875000000026e-05,1.134490875540947,-0.05603940049566385,0.008399828286475411,7.22888456032591,2.959602826510721,1.149861111111111,90.375,241,215,0,52.85,47.15,,0,0,45.7530854845799,4.57530854845799,BASE,T7,full
BASE_T7,186,95,91,0,51.08,0.0018271199604236723,4.498733542366955e-05,2.4186739475091155e-07,0.0002470066774332577,1.9232841688670236e-05,-1.958387500000003e-05,1.0252435395618602,-0.05603940049566385,0.00787853733542367,0.5742905250323282,3.788454301075269,1.6629166666666668,41.11972222222222,95,91,0,51.08,48.92,,0,0,3.4247262884771255,0.34247262884771257,BASE,T7,select
BASE_T7,270,146,124,0,54.07,0.002949691451051744,0.0005212909510517411,1.93070722611756e-06,0.0019717315660129162,2.020336610309414e-05,-1.9583875000000023e-05,1.2146643237191481,-0.023906832736454397,0.008354840951051741,6.654594035293604,2.388616255144033,0.8786111111111111,90.375,146,124,0,54.07,45.93,,0,0,42.32835919610278,4.232835919610278,BASE,T7,holdout
BASE_T8,456,228,228,0,50.0,0.0016348694807954902,-3.2215004027699875e-05,-7.064693865723656e-08,-7.214806942674665e-05,7.170480178927588e-06,-7.311774056242061e-06,0.9806758419738298,-0.03485846124256314,0.0078013349959723,-0.4112439957324576,0.31247685185185187,0.15819444444444447,5.822222222222222,229,227,0,50.22,49.78,,0,0,-1.2456297489270156,-0.12456297489270156,BASE,T8,full
BASE_T8,186,91,95,0,48.92,0.000628149566408465,-6.218915278973034e-05,-3.343502838157545e-07,-0.00034145467515060663,6.90274248800511e-06,-7.266723359981004e-06,0.9099150155419924,-0.03485846124256314,0.0077713608472102695,-0.7938821197251644,0.36485513739546,0.17347222222222222,5.822222222222222,92,94,0,49.46,50.54,,0,0,-3.4310608833147733,-0.3431060883314773,BASE,T8,select
BASE_T8,270,137,133,0,50.74,0.0010067199143870252,2.9974148762030466e-05,1.1101536578529803e-07,0.00011337425896080109,7.348320542970987e-06,-7.34395312499996e-06,1.0306877693427736,-0.018429603822066883,0.00786352414876203,0.3826381239927068,0.2763940329218107,0.1498611111111111,3.841388888888889,137,133,0,50.74,49.26,,0,0,2.1854311343877564,0.21854311343877564,BASE,T8,holdout
BASE_T9,456,229,227,0,50.22,0.003342943879934966,8.789161184961794e-06,1.927447628281095e-08,1.968402707105851e-05,1.4598008209322997e-05,-1.4687906250000018e-05,1.0026360987795602,-0.04230884573644712,0.007842339161184961,0.11219895430503168,1.572385477582846,0.5398611111111111,36.17444444444445,229,227,0,50.22,49.78,,0,0,2.6274078139222206,0.26274078139222207,BASE,T9,full
BASE_T9,186,91,95,0,48.92,0.001333745204421368,-6.160588932863423e-05,-3.31214458756098e-07,-0.0003382522189874046,1.465654070792712e-05,-1.4687906250000025e-05,0.9558491840479598,-0.04230884573644712,0.0077719441106713655,-0.7864364091457188,1.9201926523297492,0.6675,20.50138888888889,91,95,0,48.92,51.08,,0,0,-3.6861007933285723,-0.3686100793328573,BASE,T9,select
BASE_T9,270,138,132,0,51.11,0.002009198675513598,7.039505051359602e-05,2.607224093096149e-07,0.00026626232991133276,1.4559410692127522e-05,-1.4687906250000016e-05,1.0363084995333633,-0.020296876766819384,0.007903945050513596,0.8986353634507394,1.332784979423868,0.4916666666666667,36.17444444444445,138,132,0,51.11,48.89,,0,0,6.313508607250787,0.6313508607250787,BASE,T9,holdout
BASE_T10,456,266,190,0,58.33,0.0038176199665188315,9.668371651882699e-05,2.1202569412023463e-07,0.00021653088994924086,1.435195476134899e-05,-1.9583875000000026e-05,1.0259837067939088,-0.059607705923068896,0.007930233716518827,1.2342260727106646,2.4036172027290448,0.8216666666666667,90.375,266,190,0,58.33,41.67,,0,0,10.887067209318278,1.088706720931828,BASE,T10,full
BASE_T10,186,105,81,0,56.45,0.0015051041185111748,-8.118975648882748e-05,-4.365040671442338e-07,-0.0004457790576627291,1.4334324938201665e-05,-1.958387500000003e-05,0.9488179600461311,-0.05826835005188614,0.007752360243511173,-1.0364363090658357,2.809551971326165,1.097638888888889,21.828333333333333,105,81,0,56.45,43.55,,0,0,-4.429765364032881,-0.4429765364032881,BASE,T10,select
BASE_T10,270,161,109,0,59.63,0.002312515848007657,0.00017787347300765447,6.587906407690906e-07,0.0006727888538597092,1.4363452472097248e-05,-1.9583875000000026e-05,1.0833270598817069,-0.022591053868220825,0.008011423473007654,2.2706623817765115,2.1239732510288065,0.6847222222222222,90.375,161,109,0,59.63,40.37,,0,0,15.316832573351153,1.5316832573351153,BASE,T10,holdout
E1_T1,757,356,401,0,47.03,0.002566012145026109,-0.0003789130580988744,-5.005456513855672e-07,-0.0005111814198013081,7.207899283781205e-06,-7.343953124999959e-06,0.8713335545171762,-0.059136222206264306,0.007454636941901125,-4.837054184869882,0.4116776750330251,0.17083333333333334,11.508055555555556,356,401,0,47.03,52.97,,0,0,-25.66555243592417,-2.566555243592417,E1,T1,full
E1_T1,379,180,199,0,47.49,0.0012957504249071874,-0.0001656962469678043,-4.3719326376729363e-07,-0.0004464828985757858,7.198613471706597e-06,-7.343953124999959e-06,0.8866217631087276,-0.043849843032658174,0.007667853753032195,-2.1152127320027914,0.4874391673995896,0.20777777777777778,11.508055555555556,180,199,0,47.49,52.51,,0,0,-9.901794058210035,-0.9901794058210035,E1,T1,select
E1_T1,378,176,202,0,46.56,0.0012702617201189217,-0.0002132168111310701,-5.640656379128838e-07,-0.0005760511011358924,7.217396137039328e-06,-7.34395312499996e-06,0.8562723985284696,-0.026305576006176595,0.00762033318886893,-2.721841452867091,0.3357157554379776,0.14194444444444443,6.289166666666667,176,202,0,46.56,53.44,,0,0,-15.763758377714131,-1.5763758377714132,E1,T1,holdout
E1_T2,757,347,410,0,45.84,0.0033395001710171657,-0.000675194203982842,-8.91934219263992e-07,-0.0009108863483493352,9.623919801202207e-06,-9.791937500000018e-06,0.8318192766584279,-0.09536678217394574,0.007158355796017158,-8.619262071255584,0.9187160575370615,0.3416666666666667,30.126944444444444,347,410,0,45.84,54.16,,0,0,-44.62606737919171,-4.462606737919171,E1,T2,full
E1_T2,379,169,210,0,44.59,0.0016586764624549233,-0.00039763041254508083,-1.0491567613326671e-06,-0.0010714496097760705,9.814653623993628e-06,-9.791937500000018e-06,0.8066288561404145,-0.06472614526320439,0.007435919587454919,-5.075992526314133,1.2368425681618294,0.41833333333333333,30.126944444444444,169,210,0,44.59,55.41,,0,0,-24.389933846788402,-2.4389933846788403,E1,T2,select
E1_T2,378,178,200,0,47.09,0.0016808237085622424,-0.0002775637914377611,-7.342957445443416e-07,-0.0007498983163897253,9.442829823383384e-06,-9.791937500000016e-06,0.8582692182023423,-0.03518399423295005,0.0075559862085622384,-3.543269544941452,0.5997479423868314,0.28208333333333335,11.925555555555556,178,200,0,47.09,52.91,,0,0,-20.236133532403308,-2.023613353240331,E1,T2,holdout
E1_T3,757,356,401,0,47.03,0.0025308109984092724,-0.0004141142047157108,-5.470465055689706e-07,-0.0005586703403376202,7.109019658453013e-06,-7.343953124999959e-06,0.8593803997886679,-0.06412914255813405,0.007419435795284289,-5.286418095444734,0.438612211947747,0.19833333333333333,11.525,356,401,0,47.03,52.97,,0,0,-28.953484707368084,-2.8953484707368085,E1,T3,full
E1_T3,379,180,199,0,47.49,0.0013133517666960887,-0.00014809490517890295,-3.9075172870422944e-07,-0.00039905455759315186,7.2963987038671595e-06,-7.343953124999959e-06,0.898665542828941,-0.03833175341543663,0.007685455094821097,-1.890520966597553,0.5207908238053357,0.25027777777777777,11.525,180,199,0,47.49,52.51,,0,0,-8.917305301433057,-0.8917305301433057,E1,T3,select
E1_T3,378,176,202,0,46.56,0.001217459231713184,-0.00026601929953680784,-7.037547606793858e-07,-0.0007187083870576031,6.917381998370364e-06,-7.34395312499996e-06,0.8206786994668149,-0.034885014873220044,0.007567530700463192,-3.3958971288471695,0.3562161963550853,0.1577777777777778,6.319166666666667,176,202,0,46.56,53.44,,0,0,-20.03617940593502,-2.003617940593502,E1,T3,holdout
E1_T4,757,347,410,0,45.84,0.0032705253744048594,-0.0007441690005951485,-9.83050198936788e-07,-0.0010039383921075762,9.42514517119556e-06,-9.791937500000018e-06,0.8146386919937967,-0.105264909433964,0.007089380999404852,-9.49976703531794,0.9485424922941434,0.3711111111111111,30.340555555555557,347,410,0,45.84,54.16,,0,0,-50.337282293168705,-5.033728229316871,E1,T4,full
E1_T4,379,169,210,0,44.59,0.0016620010014639088,-0.0003943058735360953,-1.0403848905965575e-06,-0.0010624913512740021,9.834325452449164e-06,-9.791937500000018e-06,0.8082456085081687,-0.06569614724213672,0.007439244126463905,-5.0335527766605885,1.2764387276458518,0.4436111111111111,30.340555555555557,169,210,0,44.59,55.41,,0,0,-24.35073935762375,-2.4350739357623747,E1,T4,select
E1_T4,378,178,200,0,47.09,0.0016085243729409503,-0.00034986312705905323,-9.255638281985535e-07,-0.0009452305309327737,9.036653780567137e-06,-9.791937500000016e-06,0.8213514296537062,-0.043466475681175024,0.007483686872940947,-4.466214258657352,0.6197788065843621,0.31027777777777776,11.925555555555556,178,200,0,47.09,52.91,,0,0,-25.986542935544954,-2.598654293554495,E1,T4,holdout
E1_T5,757,432,325,0,57.07,0.0041552507485528006,-0.0006183187826972055,-8.168015623476955e-07,-0.0008341572465589119,9.618635992020372e-06,-1.4687906250000021e-05,0.8704703516625444,-0.11389806284527206,0.007215231217302795,-7.893212945563699,1.6617055628944664,0.6033333333333334,72.43194444444444,432,325,0,57.07,42.93,,0,0,-36.900976782410865,-3.6900976782410866,E1,T5,full
E1_T5,379,202,177,0,53.3,0.0019894013952121803,-0.0006103580110378238,-1.6104433008913559e-06,-0.0016446625613075608,9.84852175847614e-06,-1.4687906250000025e-05,0.7652251936965858,-0.09180378786499725,0.007223191988962176,-7.791588884194567,2.204029610085019,0.7533333333333333,72.43194444444444,202,177,0,53.3,46.7,,0,0,-38.63875416948578,-3.8638754169485776,E1,T5,select
E1_T5,378,230,148,0,60.85,0.0021658493533406207,-7.960771659381682e-06,-2.1060242485136727e-08,-2.150773785590117e-05,9.416736318872264e-06,-1.4687906250000018e-05,0.9963378716623735,-0.02759200320945079,0.007825589228340618,-0.10162406136913216,1.1179467960023517,0.47375,21.50138888888889,230,148,0,60.85,39.15,,0,0,1.7377773870749138,0.17377773870749139,E1,T5,holdout
E1_T6,757,362,395,0,47.82,0.0053121914769829045,-0.0004895314917671032,-6.466730406434653e-07,-0.0006604137747442374,1.4674562091112996e-05,-1.468790625000002e-05,0.9156230839693861,-0.11285546184863834,0.007344018508232897,-6.249165343517349,2.4968218846323205,0.8866666666666667,72.43194444444444,362,395,0,47.82,52.18,,0,0,-27.427375560858465,-2.7427375560858462,E1,T6,full
E1_T6,379,170,209,0,44.85,0.002502731679056649,-0.0005670407271933558,-1.4961496759719149e-06,-0.0015279403856202256,1.4721951053274405e-05,-1.4687906250000023e-05,0.8152824860765343,-0.10369406026292283,0.0072665092728066445,-7.238617576875816,3.3105108472588682,1.2558333333333334,72.43194444444444,170,209,0,44.85,55.15,,0,0,-35.51601740003103,-3.5516017400031035,E1,T6,select
E1_T6,378,192,186,0,50.79,0.002809459797926255,7.750923542625251e-05,2.050508873710384e-07,0.00020940788007586697,1.4632603114199245e-05,-1.4687906250000014e-05,1.028371390203827,-0.029882590298083142,0.007911059235426253,0.9894522333584677,1.6809803057025277,0.7205555555555556,36.17444444444445,192,186,0,50.79,49.21,,0,0,8.08864183917256,0.808864183917256,E1,T6,holdout
E1_T7,757,365,392,0,48.22,0.007255244650787886,-0.000421634349212124,-5.569806462511546e-07,-0.0005688155651025702,1.9877382604898318e-05,-1.9583875000000026e-05,0.9450773746450709,-0.16996415929313416,0.007411915650787876,-5.38241728478307,4.813507265521796,1.8180555555555555,107.33944444444444,365,392,0,48.22,51.78,,0,0,-17.223106388136316,-1.7223106388136316,E1,T7,full
E1_T7,379,168,211,0,44.33,0.003251063137302425,-0.0008811344876975809,-2.32489310738148e-06,-0.0023742932462359773,1.9351566293466816e-05,-1.9583875000000026e-05,0.7867637108238308,-0.1456016606028758,0.006952415512302419,-11.248214254042942,6.567590149516271,2.548888888888889,107.33944444444444,168,211,0,44.33,55.67,,0,0,-55.688040541127236,-5.568804054112724,E1,T7,select
E1_T7,378,197,181,0,52.12,0.0040041815134854615,0.0004595001384854569,1.2156088319721082e-06,0.0012414385120126717,2.0325794484697773e-05,-1.9583875000000023e-05,1.129630872248837,-0.04186210129413366,0.008293050138485457,5.865796969259884,3.0547839506172845,1.3191666666666668,90.375,197,181,0,52.12,47.88,,0,0,38.46493415299092,3.846493415299092,E1,T7,holdout
E1_T8,757,354,403,0,46.76,0.002507781547827542,-0.00043717229494610454,-5.775063341428066e-07,-0.0005897773899627181,7.084128666179497e-06,-7.307577773631877e-06,0.8515520723630893,-0.06885799233636318,0.0073963777050538955,-5.580768552522219,0.515804344635256,0.24444444444444444,22.470555555555556,356,401,0,47.03,52.97,,0,0,-30.4822031764679,-3.0482203176467895,E1,T8,full
E1_T8,379,178,201,0,46.97,0.0012260633436007712,-0.0002354119679228837,-6.211397570524636e-07,-0.000634337951046423,6.887996312363883e-06,-7.271021450366442e-06,0.8389216936703119,-0.04779545315385742,0.007598138032077116,-3.005176043082436,0.6334146877748461,0.30083333333333334,22.470555555555556,180,199,0,47.49,52.51,,0,0,-14.439103019783806,-1.4439103019783806,E1,T8,select
E1_T8,378,176,202,0,46.56,0.001281718204226771,-0.00020176032702322083,-5.337574788974096e-07,-0.0005450989437967813,7.2824897967430164e-06,-7.34395312499996e-06,0.8639951150130796,-0.038047549617257086,0.007631789672976779,-2.5755925094397947,0.39788286302175196,0.19208333333333333,6.3438888888888885,176,202,0,46.56,53.44,,0,0,-16.043100156684087,-1.6043100156684087,E1,T8,holdout
E1_T9,757,362,395,0,47.82,0.005274231722832186,-0.0005274912459178206,-6.968180263115199e-07,-0.0007116242585407837,1.456970089180162e-05,-1.468790625000002e-05,0.9090802424109073,-0.11378513441497175,0.007306058754082179,-6.733744546442166,2.4545670042565684,0.8555555555555555,71.30833333333334,362,395,0,47.82,52.18,,0,0,-30.195555119923643,-3.019555511992364,E1,T9,full
E1_T9,379,170,209,0,44.85,0.002478242150378211,-0.0005915302558717935,-1.5607658466274235e-06,-0.001593929543185323,1.457789500222477e-05,-1.4687906250000023e-05,0.8073048494841351,-0.10470915057552185,0.007242019744128207,-7.551241210840464,3.2542861330987987,1.1933333333333334,71.30833333333334,170,209,0,44.85,55.15,,0,0,-37.08426777005344,-3.708426777005344,E1,T9,select
E1_T9,378,192,186,0,50.79,0.0027959895724539753,6.403900995397298e-05,1.6941537024860576e-07,0.0001730151670684233,1.4562445689864455e-05,-1.4687906250000014e-05,1.0234407645705603,-0.03268202804001666,0.007897589009953973,0.8174966643982984,1.6527322163433273,0.6977777777777778,36.17444444444445,192,186,0,50.79,49.21,,0,0,6.8887126501297935,0.6888712650129794,E1,T9,holdout
E1_T10,757,417,340,0,55.09,0.006078367135273981,-0.0005801503647260272,-7.663809309458749e-07,-0.0007826652600119998,1.457641998866662e-05,-1.9583875000000026e-05,0.9128709409074878,-0.14109326289748667,0.007253399635273973,-7.4059700228635394,3.890691692352855,1.3547222222222222,107.33944444444444,417,340,0,55.09,44.91,,0,0,-32.48952273084714,-3.2489522730847145,E1,T10,full
E1_T10,379,198,181,0,52.24,0.0028679837264098166,-0.000676697648590188,-1.7854819224015516e-06,-0.0018234204644398024,1.4484766294999074e-05,-1.958387500000003e-05,0.8090949292755015,-0.11672785857689424,0.007156852351409812,-8.638454450283561,5.231062738199941,1.9533333333333334,107.33944444444444,198,181,0,52.24,47.76,,0,0,-42.309351485305115,-4.230935148530511,E1,T10,select
E1_T10,378,219,159,0,57.94,0.0032103834088641646,9.65472838641608e-05,2.5541609487873227e-07,0.0002608432650624374,1.4659284971982487e-05,-1.9583875000000026e-05,1.0310058975451577,-0.04191684083291166,0.00793009728386416,1.2324844274200109,2.5467746913580247,0.9477777777777778,90.375,219,159,0,57.94,42.06,,0,0,9.819828754457976,0.9819828754457977,E1,T10,holdout
E2_T1,330,176,154,0,53.33,0.001258498314480825,0.00012752953323082975,3.864531310025144e-07,0.0003946646217896248,7.150558605004688e-06,-7.343953124999969e-06,1.112761320511322,-0.01593683024107827,0.00796107953323083,1.627991564882203,0.169476430976431,0.09069444444444444,2.2866666666666666,176,154,0,53.33,46.67,,0,0,10.169883457469282,1.0169883457469282,E2,T1,full
E2_T1,128,67,61,0,52.34,0.0004607448916631059,1.2763751038107735e-05,9.971680498521668e-08,0.00010183562240385712,6.876789427807551e-06,-7.34395312499997e-06,1.028491715120642,-0.01593683024107827,0.007846313751038107,0.1629369958461746,0.20836805555555554,0.10347222222222222,2.2866666666666666,67,61,0,52.34,47.66,,0,0,1.1288942856683772,0.11288942856683772,E2,T1,select
E2_T1,202,109,93,0,53.96,0.0007977534228177192,0.00011476578219272201,5.681474365976338e-07,0.0005802196313013986,7.318838741446965e-06,-7.34395312499997e-06,1.1680349326492945,-0.010557906904908052,0.007948315782192721,1.4650545690360284,0.14483223322332234,0.08597222222222223,0.9563888888888888,109,93,0,53.96,46.04,,0,0,9.040989171800907,0.9040989171800908,E2,T1,holdout
E2_T2,330,180,150,0,54.55,0.0016969695907481526,0.00022817896574815072,6.914514113580325e-07,0.0007061436118827683,9.427608837489737e-06,-9.791937500000013e-06,1.1553515946142088,-0.023950317703954692,0.00806172896574815,2.912842399016413,0.4599469696969698,0.17388888888888887,12.6275,180,150,0,54.55,45.45,,0,0,19.54158330269225,1.954158330269225,E2,T2,full
E2_T2,128,62,66,0,48.44,0.0005666901875662181,-7.957768743378248e-05,-6.217006830764256e-07,-0.0006349107958219971,9.140164315584163e-06,-9.79193750000001e-06,0.8768657850527037,-0.023950317703954692,0.007753972312566217,-1.0158572733152016,0.6628233506944445,0.1925,12.6275,62,66,0,48.44,51.56,,0,0,-4.659033878831815,-0.46590338788318153,E2,T2,select
E2_T2,202,118,84,0,58.42,0.0011302794031819345,0.0003077566531819332,1.5235477880293722e-06,0.0015559206623095504,9.578639010016395e-06,-9.791937500000016e-06,1.3741618735553913,-0.008806080805931328,0.008141306653181933,3.9286996723316037,0.3313916391639164,0.16208333333333333,3.4702777777777776,118,84,0,58.42,41.58,,0,0,24.20061718152407,2.4200617181524073,E2,T2,holdout
E2_T3,330,176,154,0,53.33,0.0012103527757112882,7.938399446129286e-05,2.4055755897361473e-07,0.00024566900980895243,6.877004407450501e-06,-7.343953124999969e-06,1.070191145659701,-0.018612915876964346,0.007912933994461293,1.013384665461925,0.19430892255892254,0.1125,3.5519444444444446,176,154,0,53.33,46.67,,0,0,6.256258633354271,0.6256258633354271,E2,T3,full
E2_T3,128,67,61,0,52.34,0.00048218053488454423,3.4199394259546074e-05,2.671827676527037e-07,0.0002728599601996071,7.196724401261854e-06,-7.34395312499997e-06,1.076341147334535,-0.018612915876964346,0.007867749394259545,0.4365759363193611,0.24760850694444447,0.12111111111111111,3.5519444444444446,67,61,0,52.34,47.66,,0,0,2.550540913658474,0.2550540913658474,E2,T3,select
E2_T3,202,109,93,0,53.96,0.000728172240826744,4.518460020174679e-05,2.2368613961260788e-07,0.00022843910065051775,6.680479273639853e-06,-7.34395312499997e-06,1.066157273593412,-0.0105893559736518,0.007878734600201746,0.5768087291425417,0.16053492849284928,0.10152777777777777,0.9563888888888888,109,93,0,53.96,46.04,,0,0,3.705717719695797,0.3705717719695797,E2,T3,holdout
E2_T4,330,180,150,0,54.55,0.00162048351294118,0.0001516928879411781,4.5967541800357e-07,0.0004694427614591801,9.002686183006555e-06,-9.791937500000013e-06,1.1032774075210194,-0.024823575041037726,0.007985242887941177,1.9364513910191006,0.4795294612794612,0.19527777777777777,12.665,180,150,0,54.55,45.45,,0,0,13.45867390438299,1.345867390438299,E2,T4,full
E2_T4,128,62,66,0,48.44,0.0005824397851454085,-6.382808985459212e-05,-4.98656951989001e-07,-0.0005092525886618464,9.394190082990459e-06,-9.79193750000001e-06,0.9012358615928541,-0.024823575041037726,0.007769721910145408,-0.8148041418589491,0.6861914062500001,0.20319444444444446,12.665,62,66,0,48.44,51.56,,0,0,-3.6910803235247407,-0.3691080323524741,E2,T4,select
E2_T4,202,118,84,0,58.42,0.0010380437277957716,0.0002155209777957702,1.0669355336424268e-06,0.00108960615163488,8.796980744031963e-06,-9.791937500000016e-06,1.2620243364645778,-0.00805812710057696,0.00804907097779577,2.751255532878072,0.3485753575357536,0.18430555555555556,3.4702777777777776,118,84,0,58.42,41.58,,0,0,17.149754227907735,1.7149754227907736,E2,T4,holdout
E2_T5,330,212,118,0,64.24,0.0019165354693989514,0.0001833625318989479,5.556440360574179e-07,0.0005674505541496951,9.040261648108261e-06,-1.4687906250000033e-05,1.1057958660279088,-0.021320176974252276,0.008016912531898948,2.3407335358675008,0.8104587542087542,0.32305555555555554,15.823055555555555,212,118,0,64.24,35.76,,0,0,15.065904667845889,1.5065904667845889,E2,T5,full
E2_T5,128,77,51,0,60.16,0.0007283689277366734,-2.0714291013328038e-05,-1.618303985416253e-07,-0.00016526902723962983,9.459336723852901e-06,-1.4687906250000028e-05,0.9723471431546764,-0.021320176974252276,0.007812835708986672,-0.2644304435834077,1.2189474826388889,0.4073611111111111,15.823055555555555,77,51,0,60.16,39.84,,0,0,-1.3681113982398756,-0.13681113982398757,E2,T5,select
E2_T5,202,135,67,0,66.83,0.001188166541662278,0.00020407682291227595,1.0102813015459205e-06,0.0010317481106736238,8.8012336419428e-06,-1.4687906250000031e-05,1.2073762371702204,-0.00894388908421281,0.008037626822912276,2.6051639794508974,0.5516144114411441,0.285,7.164722222222222,135,67,0,66.83,33.17,,0,0,16.434016066085764,1.6434016066085764,E2,T5,holdout
E2_T6,330,176,154,0,53.33,0.0025132090293015627,0.00025127146680155896,7.614286872774514e-07,0.0007776077893445006,1.4279596757395242e-05,-1.4687906250000028e-05,1.1110868270492138,-0.025910804680284696,0.008084821466801558,3.2076321310460454,1.318512626262626,0.49888888888888894,36.353611111111114,176,154,0,53.33,46.67,,0,0,20.45710733453687,2.0457107334536873,E2,T6,full
E2_T6,128,65,63,0,50.78,0.0009297014364614894,4.363342711487836e-06,3.408861493349872e-08,3.4812941701781175e-05,1.4303099022484452e-05,-1.4687906250000025e-05,1.0047154037437334,-0.025910804680284696,0.007837913342711488,0.05570070672284988,1.9781749131944446,0.5458333333333334,36.353611111111114,65,63,0,50.78,49.22,,0,0,0.32218819265223075,0.032218819265223075,E2,T6,select
E2_T6,202,111,91,0,54.95,0.0015835075928400735,0.0002469081240900711,1.222317445990451e-06,0.0012482896729992924,1.4265834169730393e-05,-1.4687906250000028e-05,1.1847285816453161,-0.01088481744813964,0.00808045812409007,3.1519314243231955,0.900508800880088,0.46652777777777776,10.533333333333333,111,91,0,54.95,45.05,,0,0,20.134919141884634,2.0134919141884633,E2,T6,holdout
E2_T7,330,179,151,0,54.24,0.00359922521935242,0.0006420600943524162,1.9456366495527766e-06,0.0019869782150394406,2.0107403460069386e-05,-1.9583875000000026e-05,1.2171201360804684,-0.030841074284770863,0.008475610094352416,8.196285137037695,2.4391186868686874,0.915,37.3125,179,151,0,54.24,45.76,,0,0,49.65508064501549,4.965508064501549,E2,T7,full
E2_T7,128,68,60,0,53.12,0.0013087276539770923,0.0001336951539770907,1.0444933904460212e-06,0.0010666871499598733,1.924599491142783e-05,-1.958387500000003e-05,1.113779962662386,-0.030841074284770863,0.007967245153977091,1.7066994399357993,3.576006944444444,1.1444444444444444,37.3125,68,60,0,53.12,46.88,,0,0,8.580398781105401,0.8580398781105402,E2,T7,select
E2_T7,202,111,91,0,54.95,0.002290497565375329,0.0005083649403753255,2.5166581206699286e-06,0.0025701329493472854,2.063511320157954e-05,-1.9583875000000023e-05,1.2852565141583254,-0.02759219198044917,0.008341914940375325,6.489585697101896,1.7187142464246425,0.7779166666666666,24.560277777777777,111,91,0,54.95,45.05,,0,0,41.07468186391009,4.107468186391008,E2,T7,holdout
E2_T8,330,173,157,0,52.42,0.0012015904829822948,7.055630691905153e-05,2.138069906637925e-07,0.0002183500361024492,6.945609728221357e-06,-7.204039337982442e-06,1.0623821175454085,-0.021595562272406534,0.007904106306919052,0.9006938989225999,0.23436700336700333,0.13124999999999998,5.822222222222222,176,154,0,53.33,46.67,,0,0,6.078012407445194,0.6078012407445195,E2,T8,full
E2_T8,128,66,62,0,51.56,0.0004468496926746731,-1.13857339852422e-06,-8.89510467597047e-09,-9.084110959623945e-06,6.770449889010198e-06,-7.225617194728989e-06,0.9974584749540333,-0.021595562272406534,0.007832411426601476,-0.014534577535396664,0.30210069444444443,0.15402777777777776,5.822222222222222,67,61,0,52.34,47.66,,0,0,0.3768005422816989,0.0376800542281699,E2,T8,select
E2_T8,202,107,95,0,52.97,0.0007547407903076217,7.169488031757575e-05,3.5492515008700865e-07,0.0003624667233497037,7.053652245865623e-06,-7.189956947263642e-06,1.1049634867422315,-0.008473369901345736,0.007905244880317576,0.9152284764580187,0.19144664466446643,0.12180555555555556,0.9838888888888889,109,93,0,53.96,46.04,,0,0,5.701211865163494,0.5701211865163495,E2,T8,holdout
E2_T9,330,176,154,0,53.33,0.002551055925767747,0.00028911836326774324,8.761162523264947e-07,0.0008947322757385809,1.44946359418622e-05,-1.4687906250000028e-05,1.1278188965340825,-0.024169344923496802,0.008122668363267744,3.6907706374216476,1.2962845117845119,0.48375,36.353611111111114,176,154,0,53.33,46.67,,0,0,23.48874843067055,2.348874843067055,E2,T9,full
E2_T9,128,65,63,0,50.78,0.0009333380463497321,7.999952599730613e-06,6.249962968539541e-08,6.382764359494299e-05,1.4359046866918957e-05,-1.4687906250000025e-05,1.008645437439315,-0.02403267936790344,0.00784154995259973,0.10212422975188762,1.9557790798611112,0.5195833333333333,36.353611111111114,65,63,0,50.78,49.22,,0,0,0.5450168291659967,0.05450168291659967,E2,T9,select
E2_T9,202,111,91,0,54.95,0.001617717879418015,0.00028111841066801263,1.3916753003366962e-06,0.0014212461020474204,1.4574034949711848e-05,-1.4687906250000028e-05,1.2103235989843064,-0.009855190947549919,0.008114668410668012,3.5886464076697377,0.8783869636963697,0.42819444444444443,10.533333333333333,111,91,0,54.95,45.05,,0,0,22.94373160150456,2.294373160150456,E2,T9,holdout
E2_T10,330,203,127,0,61.52,0.002909651693224818,0.000422499568224815,1.2803017218933786e-06,0.0013075060190012224,1.4333259572536049e-05,-1.9583875000000023e-05,1.1698728292403162,-0.03773147843401118,0.008256049568224814,5.393462328380028,1.98419696969697,0.6461111111111111,37.3125,203,127,0,61.52,38.48,,0,0,34.159100486181245,3.4159100486181244,E2,T10,full
E2_T10,128,75,53,0,58.59,0.0010777689617869066,3.9823586786905335e-05,3.1112177177269793e-07,0.00031773259558968503,1.437025282382542e-05,-1.9583875000000026e-05,1.038367709656113,-0.03140590530270227,0.007873373586786905,0.5083721529435037,2.7982074652777778,0.8172222222222222,37.3125,75,53,0,58.59,41.41,,0,0,2.803456620777963,0.2803456620777963,E2,T10,select
E2_T10,202,128,74,0,63.37,0.001831882731437911,0.00038267598143790964,1.89443555167282e-06,0.0019346891783907116,1.431158383935868e-05,-1.958387500000002e-05,1.2640589284019754,-0.021431144058985475,0.008216225981437909,4.885090175436546,1.4683883388338834,0.5794444444444444,24.15111111111111,128,74,0,63.37,36.63,,0,0,31.355643865403277,3.1355643865403278,E2,T10,holdout
E3_T1,1040,500,540,0,48.08,0.0036451737286292557,-0.00032056095887072165,-3.0823169122184777e-07,-0.0003147811056002426,7.290347457258511e-06,-7.343953124999958e-06,0.9191673210310483,-0.051430254083390324,0.007512989041129278,-4.092154372803158,0.830389155982906,0.3022222222222222,14.857777777777779,500,540,0,48.08,51.92,,0,0,-22.459807351129896,-2.24598073511299,E3,T1,full
E3_T1,574,280,294,0,48.78,0.0020488747489731058,-0.0001102474697768826,-1.9206876267749582e-07,-0.00019614990667321525,7.317409817761092e-06,-7.343953124999959e-06,0.9489387544533215,-0.051430254083390324,0.007723302530223118,-1.4073755803803212,0.9937088656600852,0.3783333333333333,14.857777777777779,280,294,0,48.78,51.22,,0,0,-6.261064977494625,-0.6261064977494625,E3,T1,select
E3_T1,466,220,246,0,47.21,0.0015962989796561504,-0.00021031348909383905,-4.5131650020137134e-07,-0.0004609062304588558,7.255904452982501e-06,-7.343953124999956e-06,0.8835868274288196,-0.03504495141485373,0.0076232365109061605,-2.6847787924228372,0.6292185264663804,0.21291666666666667,9.086666666666666,220,246,0,47.21,52.79,,0,0,-16.198742373635277,-1.6198742373635278,E3,T1,holdout
E3_T2,1040,492,548,0,47.31,0.00474651379647106,-0.0006194679535289472,-5.956422630086031e-07,-0.0006082986773645186,9.647385765185081e-06,-9.791937500000013e-06,0.8845564553906755,-0.10019650983719523,0.007214082046471053,-7.907882805738742,1.7476658653846153,0.57125,96.67111111111112,492,548,0,47.31,52.69,,0,0,-42.55736984890869,-4.255736984890869,E3,T2,full
E3_T2,574,275,299,0,47.91,0.002672789552133801,-0.00025499976036620403,-4.442504535996586e-07,-0.0004536900420367868,9.719234735032003e-06,-9.791937500000016e-06,0.9129036507929381,-0.07525197445408982,0.007578550239633796,-3.2552260516139353,2.193435443283004,0.794861111111111,96.67111111111112,275,299,0,47.91,52.09,,0,0,-15.33930727602909,-1.533930727602909,E3,T2,select
E3_T2,466,217,249,0,46.57,0.0020737242443372595,-0.00036446819316274313,-7.821205861861441e-07,-0.0007987393569312959,9.556332923213177e-06,-9.79193750000001e-06,0.8505170520763119,-0.05434539650326989,0.0074690818068372565,-4.6526567541248065,1.1985848831664283,0.4175,24.794444444444444,217,249,0,46.57,53.43,,0,0,-27.218062572879603,-2.72180625728796,E3,T2,holdout
E3_T3,1040,500,540,0,48.08,0.00357850590426234,-0.0003872287832376376,-3.7233536849772846e-07,-0.0003802468801478035,7.15701180852468e-06,-7.343953124999958e-06,0.9023563567027857,-0.06028257546193814,0.007446321216762362,-4.943209441921448,0.8862139423076922,0.33763888888888893,16.805555555555557,500,540,0,48.08,51.92,,0,0,-28.324748660183623,-2.8324748660183623,E3,T3,full
E3_T3,574,280,294,0,48.78,0.0020399144065328667,-0.00011920781221712144,-2.0767911536083875e-07,-0.00021209195356980027,7.2854085947602385e-06,-7.343953124999959e-06,0.9447887612929405,-0.05154778511386784,0.0077143421877828786,-1.5217597668633176,1.0679747386759582,0.4280555555555555,16.805555555555557,280,294,0,48.78,51.22,,0,0,-7.134305703336382,-0.7134305703336382,E3,T3,select
E3_T3,466,220,246,0,47.21,0.0015385914977294733,-0.00026802097102051616,-5.751522983272879e-07,-0.0005873733347739277,6.9935977169521515e-06,-7.343953124999956e-06,0.851644458534064,-0.03967635585087175,0.007565529028979483,-3.4214496750581302,0.6623283261802575,0.23625000000000002,9.086666666666666,220,246,0,47.21,52.79,,0,0,-21.190442956847225,-2.119044295684722,E3,T3,holdout
E3_T4,1040,492,548,0,47.31,0.004660389975171733,-0.0007055917748282746,-6.784536296425717e-07,-0.0006928696487723412,9.472337347910027e-06,-9.791937500000013e-06,0.8685064900140086,-0.10717007575402725,0.007127958225171725,-9.007305434040436,1.8051661324786326,0.6163888888888889,96.67111111111112,492,548,0,47.31,52.69,,0,0,-49.75184364143225,-4.975184364143225,E3,T4,full
E3_T4,574,275,299,0,47.91,0.002652604465812782,-0.000275184846687223,-4.794161092111899e-07,-0.000489602909752222,9.645834421137388e-06,-9.791937500000016e-06,0.9060093410709782,-0.07022555317958003,0.007558365153312777,-3.5129008774722026,2.2709277003484316,0.8694444444444445,96.67111111111112,275,299,0,47.91,52.09,,0,0,-17.045620892315107,-1.7045620892315108,E3,T4,select
E3_T4,466,217,249,0,46.57,0.0020077855093589506,-0.0004304069281410516,-9.236200174700677e-07,-0.0009432454174366083,9.25246778506429e-06,-9.79193750000001e-06,0.8234729459737111,-0.06281696389811695,0.0074031430718589485,-5.494404556568244,1.2314598235574632,0.4320833333333334,24.794444444444444,217,249,0,46.57,53.43,,0,0,-32.706222749117146,-3.2706222749117146,E3,T4,holdout
E3_T5,1040,600,440,0,57.69,0.005687393671022702,-0.0007752850789773064,-7.454664220935639e-07,-0.0007613063523879351,9.478989451704502e-06,-1.468790625000002e-05,0.8800365747752344,-0.11203868620445304,0.007058264921022694,-9.896982581043156,3.064573985042735,1.02875,105.87833333333333,600,440,0,57.69,42.31,,0,0,-53.01910406927032,-5.301910406927032,E3,T5,full
E3_T5,574,330,244,0,57.49,0.003164410028644103,-0.0004194390963559023,-7.3073013302422e-07,-0.0007462569415135871,9.589121298921524e-06,-1.4687906250000021e-05,0.8829640752926781,-0.0834716364141758,0.007414110903644098,-5.354393555359982,3.914297328687573,1.4358333333333333,105.87833333333333,330,244,0,57.49,42.51,,0,0,-26.883525504083412,-2.688352550408341,E3,T5,select
E3_T5,466,270,196,0,57.94,0.0025229836423785994,-0.0003558459826214041,-7.636179884579487e-07,-0.0007798436095593426,9.344383860661479e-06,-1.4687906250000018e-05,0.8763921353555602,-0.05598067348272131,0.007477704017378596,-4.542589025683174,2.0179190510252742,0.7427777777777778,36.309444444444445,270,196,0,57.94,42.06,,0,0,-26.135578565186908,-2.6135578565186908,E3,T5,holdout
E3_T6,1040,491,549,0,47.21,0.0071065586129701,-0.00095710191827991,-9.20290306038375e-07,-0.0009398449551361771,1.4473642796273115e-05,-1.4687906250000018e-05,0.8813067694788558,-0.174060879125239,0.0068764480817200884,-12.217984416770323,4.52527938034188,1.6270833333333332,111.9563888888889,491,549,0,47.21,52.79,,0,0,-60.38651178667338,-6.0386511786673385,E3,T6,full
E3_T6,574,260,314,0,45.3,0.003749675551224781,-0.0008623270112752252,-1.5023118663331449e-06,-0.0015342335123494659,1.4421829043172235e-05,-1.468790625000002e-05,0.8130254700448849,-0.1315559020259672,0.006971222988724775,-11.00812545110742,5.857405632984901,2.1047222222222226,111.9563888888889,260,314,0,45.3,54.7,,0,0,-54.94911859374709,-5.494911859374709,E3,T6,select
E3_T6,466,231,235,0,49.57,0.003356883061745319,-9.477490700468484e-05,-2.033796287654181e-07,-0.00020770110998504418,1.4531961306256792e-05,-1.4687906250000018e-05,0.9725422078714806,-0.07029715056674701,0.007738775092995315,-1.20985896566288,2.884420004768717,1.013472222222222,46.43638888888889,231,235,0,49.57,50.43,,0,0,-5.437393192926283,-0.5437393192926283,E3,T6,holdout
E3_T7,1040,492,548,0,47.31,0.00969339943887364,-0.0010385640611263714,-9.986192895445878e-07,-0.0010198383001776593,1.970203137982447e-05,-1.958387500000002e-05,0.9032270226108793,-0.238706268410154,0.006794985938873621,-13.257897902309669,8.202861378205128,3.062777777777778,313.34527777777777,492,548,0,47.31,52.69,,0,0,-57.27883273771768,-5.727883273771767,E3,T7,full
E3_T7,574,253,321,0,44.08,0.004891308213305193,-0.0013951156616948126,-2.430515090060649e-06,-0.002482159521607087,1.933323404468456e-05,-1.958387500000002e-05,0.7780748340494601,-0.22439776807177234,0.006438434338305184,-17.80949456753089,10.707154471544714,4.623888888888889,313.34527777777777,253,321,0,44.08,55.92,,0,0,-88.72312753373416,-8.872312753373414,E3,T7,select
E3_T7,466,239,227,0,51.29,0.004802091225568447,0.0003565516005684412,7.651321900610326e-07,0.0007813899854457126,2.009243190614413e-05,-1.958387500000003e-05,1.0802043465237225,-0.07366567070482685,0.00819010160056844,4.551596665221269,5.1181741773962806,1.9255555555555555,90.375,239,227,0,51.29,48.71,,0,0,31.44429479601646,3.144429479601646,E3,T7,holdout
E3_T8,1040,498,542,0,47.88,0.003530546949413459,-0.0004352195061482825,-4.1848029437334855e-07,-0.0004273723094876254,7.089451705649517e-06,-7.31691227963421e-06,0.8902558910048991,-0.06853336751184437,0.007398330493851717,-5.555840023339131,1.0354051816239316,0.39263888888888887,17.566388888888888,500,540,0,48.08,51.92,,0,0,-29.99790362207126,-2.9997903622071256,E3,T8,full
E3_T8,574,278,296,0,48.43,0.0018836517390018825,-0.0002755022478098699,-4.799690728394946e-07,-0.0004901676229443811,6.775725679862887e-06,-7.2944391446342995e-06,0.8724026866575265,-0.06214752612949887,0.00755804775219013,-3.516952694625941,1.2584489934185057,0.5131944444444444,17.566388888888888,280,294,0,48.78,51.22,,0,0,-17.152925984443197,-1.7152925984443197,E3,T8,select
E3_T8,466,220,246,0,47.21,0.0016468952104115768,-0.0001597172583384126,-3.427408977219154e-07,-0.00035002357574475464,7.485887320052622e-06,-7.343953124999956e-06,0.9115929613566089,-0.03976705575951781,0.007673832741661587,-2.0388873287131903,0.7606688125894134,0.28347222222222224,9.086666666666666,220,246,0,47.21,52.79,,0,0,-12.844977637628062,-1.2844977637628063,E3,T8,holdout
E3_T9,1040,491,549,0,47.21,0.007192444516945189,-0.0008712160143048209,-8.377077060623277e-07,-0.0008555076112999367,1.4648563170967798e-05,-1.4687906250000018e-05,0.8919577515783931,-0.16782926828551126,0.006962333985695179,-11.12159894689918,4.475191773504274,1.5499999999999998,111.3425,491,549,0,47.21,52.79,,0,0,-54.01144519476925,-5.401144519476925,E3,T9,full
E3_T9,574,260,314,0,45.3,0.0037975799806900406,-0.0008144225818099655,-1.418854672142797e-06,-0.0014490029906163077,1.4606076848807849e-05,-1.468790625000002e-05,0.8234123743919831,-0.12707958900393546,0.007019127418190035,-10.396596457672002,5.799753677893921,2.1047222222222226,111.3425,260,314,0,45.3,54.7,,0,0,-51.84935667303218,-5.184935667303218,E3,T9,select
E3_T9,466,231,235,0,49.57,0.003394864536255149,-5.679343249485533e-05,-1.2187431865848782e-07,-0.00012446394664844196,1.4696383273831814e-05,-1.4687906250000018e-05,0.9835460427976812,-0.06664094925062819,0.0077767565675051446,-0.7250024892271778,2.843649856938484,0.9791666666666666,44.558055555555555,231,235,0,49.57,50.43,,0,0,-2.1620885217370702,-0.21620885217370703,E3,T9,holdout
E3_T10,1040,556,484,0,53.46,0.008063576613405735,-0.001415018886594275,-1.360595083263726e-06,-0.001389505481692184,1.4502835635621826e-05,-1.9583875000000023e-05,0.8507142870909224,-0.2521915403365947,0.006418531113405719,-18.06357126199847,6.65401201923077,2.188472222222222,255.46972222222223,556,484,0,53.46,46.54,,0,0,-89.12391838439578,-8.912391838439579,E3,T10,full
E3_T10,574,295,279,0,51.39,0.004272373151864512,-0.0011915279731354927,-2.075832705810963e-06,-0.0021199407224678094,1.4482620853778005e-05,-1.958387500000002e-05,0.7819272446780426,-0.19040938286374207,0.0066420220268645054,-15.210574683706547,8.732978126209835,3.386388888888889,255.46972222222223,295,279,0,51.39,48.61,,0,0,-75.53337029658783,-7.553337029658784,E3,T10,select
E3_T10,466,261,205,0,56.01,0.0037912034615412227,-0.00022349091345878237,-4.795942348900909e-07,-0.0004897848203076165,1.452568376069434e-05,-1.958387500000003e-05,0.9443317740821098,-0.08011235522137623,0.0076100590865412175,-2.8529965782918665,4.093225441106342,1.4918055555555556,90.375,261,205,0,56.01,43.99,,0,0,-13.590548087807942,-1.3590548087807943,E3,T10,holdout
E4_T1,637,296,341,0,46.47,0.002134414814997869,-0.00036987320062711654,-5.806486666045786e-07,-0.0005929864917995836,7.210860861479287e-06,-7.343953124999956e-06,0.8523040487678057,-0.05582345423775598,0.007463676799372884,-4.721654940954179,0.3719361590790162,0.155,6.805833333333333,296,341,0,46.47,53.53,,0,0,-24.617241231667983,-2.461724123166798,E4,T1,full
E4_T1,307,142,165,0,46.25,0.0010205089182689273,-0.00019124334735606504,-6.229424995311565e-07,-0.0006361789988254687,7.186682523020615e-06,-7.343953124999955e-06,0.8421761998873372,-0.038723139498726945,0.007642306652643935,-2.4413369079927305,0.42214078899746654,0.18944444444444444,6.805833333333333,142,165,0,46.25,53.75,,0,0,-11.608138269036246,-1.1608138269036246,E4,T1,select
E4_T1,330,154,176,0,46.67,0.0011139058967289414,-0.0001786298532710515,-5.41302585669853e-07,-0.0005528043716270175,7.233155173564555e-06,-7.34395312499996e-06,0.8617989070932448,-0.026715831769448025,0.007654920146728948,-2.280318032961448,0.32523063973063976,0.125,6.289166666666667,154,176,0,46.67,53.33,,0,0,-13.009102962631733,-1.3009102962631731,E4,T1,holdout
E4_T2,637,290,347,0,45.53,0.002733563052291725,-0.0006642392602082801,-1.0427617899659028e-06,-0.0010649187558293778,9.42607949066112e-06,-9.791937500000015e-06,0.8045091505869415,-0.09238265973634448,0.00716931073979172,-8.479415593291417,0.822001133786848,0.31333333333333335,28.260833333333334,290,347,0,45.53,54.47,,0,0,-43.29303071682804,-4.329303071682804,E4,T2,full
E4_T2,307,134,173,0,43.65,0.0012830653330437008,-0.0004109398544563012,-1.3385663011605903e-06,-0.001367008624350993,9.57511442569926e-06,-9.791937500000011e-06,0.7574152325573674,-0.07038911612139205,0.007422610145543698,-5.245895595946937,1.0626357220412597,0.3963888888888889,28.260833333333334,134,173,0,43.65,56.35,,0,0,-25.207101327905885,-2.5207101327905885,E4,T2,select
E4_T2,330,156,174,0,47.27,0.001450497719248024,-0.0002532994057519789,-7.675739568241786e-07,-0.000783883635719875,9.298062302871949e-06,-9.791937500000016e-06,0.8513324139151963,-0.031124105104825932,0.007580250594248021,-3.2335199973444917,0.5981380471380472,0.2436111111111111,11.925555555555556,156,174,0,47.27,52.73,,0,0,-18.08592938892216,-1.8085929388922162,E4,T2,holdout
E4_T3,637,296,341,0,46.47,0.0020542196490083977,-0.0004500683666165873,-7.065437466508435e-07,-0.0007215566343748042,6.939931246649992e-06,-7.343953124999956e-06,0.8202809086620712,-0.0658678579203513,0.0073834816333834125,-5.745394701209383,0.3936407639979069,0.18138888888888888,6.948333333333333,296,341,0,46.47,53.53,,0,0,-30.74949477161625,-3.074949477161625,E4,T3,full
E4_T3,307,142,165,0,46.25,0.0010060024228654024,-0.00020574984275958995,-6.701949275556676e-07,-0.0006844354629057501,7.084524104685932e-06,-7.343953124999955e-06,0.8302046972831784,-0.04188949684598593,0.00762780015724041,-2.626521088900824,0.4481550850524792,0.22527777777777777,6.948333333333333,142,165,0,46.25,53.75,,0,0,-12.501111965987938,-1.2501111965987939,E4,T3,select
E4_T3,330,154,176,0,46.67,0.0010482172261429955,-0.0002443185238569974,-7.403591632030224e-07,-0.0007560905726808634,6.806605364564906e-06,-7.34395312499996e-06,0.8109773568297831,-0.030568367213389482,0.007589231476143003,-3.118873612308559,0.3429259259259259,0.1513888888888889,6.319166666666667,154,176,0,46.67,53.33,,0,0,-18.248382805628307,-1.8248382805628307,E4,T3,holdout
E4_T4,637,290,347,0,45.53,0.0026591270828434234,-0.0007386752296565816,-1.1596157451437702e-06,-0.0011842556645646175,9.16940373394284e-06,-9.791937500000015e-06,0.7826020581188298,-0.10186170698507013,0.0070948747703434185,-9.429635729095764,0.846723792080935,0.33444444444444443,28.260833333333334,290,347,0,45.53,54.47,,0,0,-49.01075493396968,-4.901075493396967,E4,T4,full
E4_T4,307,134,173,0,43.65,0.0012691498287526633,-0.0004248553587473387,-1.383893676701429e-06,-0.0014132991317616446,9.47126737875122e-06,-9.791937500000011e-06,0.7492006743058819,-0.07372576244429346,0.007408694641252661,-5.423535418135317,1.0937196887441187,0.42138888888888887,28.260833333333334,134,173,0,43.65,56.35,,0,0,-26.106546585618602,-2.6106546585618604,E4,T4,select
E4_T4,330,156,174,0,47.27,0.00138997725409076,-0.00031381987090924285,-9.509693057855844e-07,-0.0009711758329601108,8.910110603145897e-06,-9.791937500000016e-06,0.8158114799558414,-0.038859577581581595,0.007519730129090757,-4.006100310960459,0.6169427609427609,0.2777777777777778,11.925555555555556,156,174,0,47.27,52.73,,0,0,-22.904208348351077,-2.2904208348351074,E4,T4,holdout
E4_T5,637,356,281,0,55.89,0.0033156699789575576,-0.0008116316772924473,-1.274147060113732e-06,-0.001301220580823491,9.313679716172914e-06,-1.468790625000002e-05,0.8033505314390122,-0.12611584328883535,0.007021918322707553,-10.360968874807043,1.4664569160997731,0.5552777777777778,28.583333333333332,356,281,0,55.89,44.11,,0,0,-50.29221740754477,-5.029221740754477,E4,T5,full
E4_T5,307,155,152,0,50.49,0.0014920386189545515,-0.0007405231310454513,-2.4121274626887666e-06,-0.0024633811875216386,9.626055606158396e-06,-1.4687906250000018e-05,0.6683078839609026,-0.11009378441488113,0.007093026868954549,-9.453225307114288,1.8913155989866088,0.7294444444444445,28.583333333333332,155,152,0,50.49,49.51,,0,0,-46.654141005594205,-4.6654141005594205,E4,T5,select
E4_T5,330,201,129,0,60.91,0.0018236313600030062,-7.110854624699605e-05,-2.154804431727153e-07,-0.00022005904671339583,9.072792835835851e-06,-1.4687906250000018e-05,0.9624705501729093,-0.02998928618108118,0.007762441453753004,-0.9077435676927537,1.0712095959595958,0.41388888888888886,15.37138888888889,201,129,0,60.91,39.09,,0,0,-3.638076401950564,-0.36380764019505635,E4,T5,holdout
E4_T6,637,299,338,0,46.94,0.004390970918757762,-0.0005735413937422433,-9.003789540694558e-07,-0.0009195105198225126,1.4685521467417264e-05,-1.4687906250000018e-05,0.8844717552017869,-0.09983339675160588,0.007260008606257757,-7.321602514086756,2.1141182626896913,0.8186111111111111,36.17444444444445,299,338,0,46.94,53.06,,0,0,-34.62905805669561,-3.4629058056695614,E4,T6,full
E4_T6,307,134,173,0,43.65,0.0019971954385333878,-0.0005438123427166154,-1.771375709174643e-06,-0.0018090145174789387,1.4904443571144686e-05,-1.4687906250000016e-05,0.7859855657549005,-0.09443855131078578,0.007289737657283385,-6.942093210825428,2.592548859934853,1.0461111111111112,30.72277777777778,134,173,0,43.65,56.35,,0,0,-33.82259449490993,-3.3822594494909928,E4,T6,select
E4_T6,330,165,165,0,50.0,0.0023937754802243745,-2.972905102562799e-05,-9.00880334109939e-08,-9.200225533607996e-05,1.4507730183178028e-05,-1.4687906250000016e-05,0.9877330326218559,-0.03249192411271692,0.007803820948974372,-0.37950930326133836,1.669032828282828,0.6845833333333333,36.17444444444445,165,165,0,50.0,50.0,,0,0,-0.8064635617856784,-0.08064635617856783,E4,T6,holdout
E4_T7,637,309,328,0,48.51,0.006058977924713469,-0.00036453307528653807,-5.722654243116767e-07,-0.0005844251194533021,1.9608342798425465e-05,-1.958387500000002e-05,0.9432501827604036,-0.15346313180097162,0.007469016924713462,-4.6534850136469075,4.161269841269841,1.6697222222222223,90.375,309,328,0,48.51,51.49,,0,0,-14.520675466255533,-1.4520675466255533,E4,T7,full
E4_T7,307,136,171,0,44.3,0.00262085902572795,-0.0007279835992720539,-2.3712820823193938e-06,-0.0024216679102776074,1.927102224799963e-05,-1.958387500000002e-05,0.7826163601008116,-0.13580111462426867,0.007105566400727946,-9.293150605690315,5.515814332247557,2.3513888888888888,62.77472222222222,136,171,0,44.3,55.7,,0,0,-45.41600785706906,-4.5416007857069065,E4,T7,select
E4_T7,330,173,157,0,52.42,0.0034381188989855193,0.00036345052398551586,1.1013652241985329e-06,0.0011247674162529456,1.987351964731514e-05,-1.9583875000000023e-05,1.1182080405616153,-0.039089763146125465,0.008197000523985516,4.639665592043407,2.9011329966329966,1.2336111111111112,90.375,173,157,0,52.42,47.58,,0,0,30.895332390813522,3.0895332390813524,E4,T7,holdout
E4_T8,637,294,343,0,46.15,0.002118598677022214,-0.00038571797825143444,-6.055227288091593e-07,-0.0006183890867452526,7.20611794905515e-06,-7.301214738407138e-06,0.8459787513535159,-0.0593445091281602,0.007447832021748565,-4.923923103209072,0.45563579277864996,0.22611111111111112,7.405833333333334,296,341,0,46.47,53.53,,0,0,-25.7988064546349,-2.57988064546349,E4,T8,full
E4_T8,307,140,167,0,45.6,0.000978713937109031,-0.00023306696816462462,-7.591757920671812e-07,-0.0007753070238317811,6.990813836493078e-06,-7.256173085470991e-06,0.807665752818583,-0.04710338041321083,0.007600483031835375,-2.9752407039544626,0.5329804560260586,0.2702777777777778,7.405833333333334,142,165,0,46.25,53.75,,0,0,-14.20447266968436,-1.420447266968436,E4,T8,select
E4_T8,330,154,176,0,46.67,0.001139884739913183,-0.00015265101008680982,-4.625788184448782e-07,-0.0004724078543647549,7.401848960475215e-06,-7.34395312499996e-06,0.8818980364088106,-0.031234718035959754,0.00768089898991319,-1.9486823992546198,0.3836818181818182,0.17222222222222222,6.3438888888888885,154,176,0,46.67,53.33,,0,0,-11.594333784950535,-1.1594333784950537,E4,T8,holdout
E4_T9,637,299,338,0,46.94,0.004313902344355738,-0.000650609968144268,-1.0213657270710643e-06,-0.0010430680619346931,1.4427767037979057e-05,-1.4687906250000018e-05,0.8689478588851285,-0.10560752933007983,0.007182940031855732,-8.305429443154988,2.080747863247863,0.8127777777777778,36.17444444444445,299,338,0,46.94,53.06,,0,0,-39.98666160555337,-3.998666160555337,E4,T9,full
E4_T9,307,134,173,0,43.65,0.0019420691147119156,-0.0005989386665380873,-1.9509402818830206e-06,-0.001992394540797488,1.4493053094865042e-05,-1.4687906250000016e-05,0.764290896329546,-0.09856183589689883,0.007234611333461913,-7.645814050310362,2.554783749547593,1.0180555555555555,30.05638888888889,134,173,0,43.65,56.35,,0,0,-37.42215209280376,-3.7422152092803764,E4,T9,select
E4_T9,330,165,165,0,50.0,0.0023718332296438216,-5.1671301606180664e-05,-1.565797018369111e-07,-0.0001599067619017288,1.4374746846326192e-05,-1.4687906250000016e-05,0.9786790984131026,-0.03403095554949717,0.007781878698393819,-0.6596153928446369,1.6397508417508417,0.6637500000000001,36.17444444444445,165,165,0,50.0,50.0,,0,0,-2.5645095127496145,-0.2564509512749614,E4,T9,holdout
E4_T10,637,344,293,0,54.0,0.005007296500741219,-0.0007307788742587871,-1.1472195828238415e-06,-0.0011715961042682733,1.4556094478898892e-05,-1.9583875000000023e-05,0.8726439047066741,-0.1345093891439499,0.0071027711257412125,-9.328833980236128,3.4135862550148266,1.2427777777777778,90.375,344,293,0,54.0,46.0,,0,0,-43.83485106281244,-4.383485106281244,E4,T10,full
E4_T10,307,156,151,0,50.81,0.0022889026453104685,-0.0006682624796895344,-2.1767507481743792e-06,-0.0022230031065602483,1.4672452854554286e-05,-1.9583875000000023e-05,0.7740192206245047,-0.1167971191011032,0.007165287520310466,-8.530774421424947,4.353745928338762,1.835,62.77472222222222,156,151,0,50.81,49.19,,0,0,-41.25667876301134,-4.125667876301133,E4,T10,select
E4_T10,330,188,142,0,56.97,0.0027183938554307505,-6.251639456925269e-05,-1.8944361990682633e-07,-0.00019346898395422417,1.445954178420612e-05,-1.9583875000000026e-05,0.9775194490475725,-0.04019528041478206,0.007771033605430747,-0.7980595588111705,2.538952861952862,0.8913888888888889,90.375,188,142,0,56.97,43.03,,0,0,-2.5781722998011034,-0.25781722998011036,E4,T10,holdout
E5_T1,1096,524,572,0,47.81,0.0038903221529773915,-0.0003104190345225834,-2.8322904609724765e-07,-0.000289247195559865,7.4242789178957855e-06,-7.3439531249999555e-06,0.9261037467753813,-0.05590226467414335,0.007523130965477416,-3.9626865791701604,1.0778261861313867,0.3434722222222222,30.51361111111111,524,572,0,47.81,52.19,,0,0,-22.183451069105708,-2.218345106910571,E5,T1,full
E5_T1,605,298,307,0,49.26,0.0021987433624145658,-5.58502469604216e-05,-9.231445778582082e-08,-9.427598755182081e-05,7.3783334309213614e-06,-7.34395312499996e-06,0.9752282421416494,-0.05590226467414335,0.0077776997530395785,-0.7129621558606414,1.277744719926538,0.42388888888888887,30.51361111111111,298,307,0,49.26,50.74,,0,0,-2.8559934669668614,-0.28559934669668613,E5,T1,select
E5_T1,491,226,265,0,46.03,0.0016915787905628255,-0.0002545687875621618,-5.184700357681503e-07,-0.0005294866677490029,7.484861905145245e-06,-7.343953124999951e-06,0.8691934823321952,-0.038393040104796425,0.007578981212437838,-3.249724423309497,0.831490721882779,0.2658333333333333,22.81361111111111,226,265,0,46.03,53.97,,0,0,-19.327457602138846,-1.9327457602138844,E5,T1,holdout
E5_T2,1096,520,576,0,47.45,0.005031989494989411,-0.0006081665050105961,-5.548964461775512e-07,-0.0005666870792195633,9.676902874979636e-06,-9.791937500000013e-06,0.8921720418707222,-0.09646328878339129,0.007225383494989404,-7.763612985308022,2.069970853609084,0.6665277777777778,96.67111111111112,520,576,0,47.45,52.55,,0,0,-40.023578146638634,-4.002357814663863,E5,T2,full
E5_T2,605,284,321,0,46.94,0.0027624437837640153,-0.0003807681537359896,-6.29368849150396e-07,-0.0006427418977606794,9.726914731563434e-06,-9.791937500000015e-06,0.8788601719173801,-0.08973475714683823,0.007452781846264011,-4.860735601815136,2.565735996326905,0.9480555555555555,96.67111111111112,284,321,0,46.94,53.06,,0,0,-23.26074661047374,-2.326074661047374,E5,T2,select
E5_T2,491,236,255,0,48.07,0.002269545711225396,-0.00022739835127460648,-4.6313309831895413e-07,-0.000472973911770734,9.616719115361846e-06,-9.79193750000001e-06,0.9089293369884587,-0.04470110591121683,0.007606151648725393,-2.9028773834928856,1.4590993437429283,0.4891666666666667,24.420555555555556,236,255,0,48.07,51.93,,0,0,-16.762831536164903,-1.6762831536164904,E5,T2,holdout
E5_T3,1096,524,572,0,47.81,0.003952396754025562,-0.0002483444334744133,-2.26591636381764e-07,-0.00023140633442744488,7.542741896995348e-06,-7.3439531249999555e-06,0.9408808059364847,-0.05481147648969535,0.007585205566525586,-3.170266781656006,1.1433356143552311,0.38763888888888887,30.66,524,572,0,47.81,52.19,,0,0,-18.917007143274553,-1.8917007143274551,E5,T3,full
E5_T3,605,298,307,0,49.26,0.002238836512394924,-1.575709698006366e-05,-2.6044788396799438e-08,-2.659819713595934e-05,7.51287420266753e-06,-7.34395312499996e-06,0.9930111143247533,-0.05481147648969535,0.007817792903019937,-0.20114886584068348,1.350716712580349,0.46694444444444444,30.66,298,307,0,49.26,50.74,,0,0,-0.5054731180423602,-0.050547311804236016,E5,T3,select
E5_T3,491,226,265,0,46.03,0.0017135602416306376,-0.00023258733649434966,-4.737012963225044e-07,-0.0004837666665279513,7.582124962967423e-06,-7.343953124999951e-06,0.8804883354640374,-0.036667401954772805,0.00760096266350565,-2.9691179158153114,0.8878049332428152,0.2911111111111111,23.253888888888888,226,265,0,46.03,53.97,,0,0,-18.411534025232193,-1.8411534025232192,E5,T3,holdout
E5_T4,1096,520,576,0,47.45,0.005076876401636788,-0.0005632795983632191,-5.139412393824992e-07,-0.0005248616419196909,9.763223849301516e-06,-9.791937500000013e-06,0.9001304931347256,-0.09148693295760321,0.007270270401636781,-7.190604494299768,2.134128903081914,0.7184722222222222,96.67111111111112,520,576,0,47.45,52.55,,0,0,-37.740797212693025,-3.7740797212693025,E5,T4,full
E5_T4,605,284,321,0,46.94,0.002794734882884285,-0.00034847705461571986,-5.759951315962311e-07,-0.0005882340768578548,9.84061578480382e-06,-9.791937500000015e-06,0.8891334528040493,-0.08530934999171955,0.00748507294538428,-4.448520206237527,2.63852157943067,1.0205555555555557,96.67111111111112,284,321,0,46.94,53.06,,0,0,-21.481579474504258,-2.148157947450426,E5,T4,select
E5_T4,491,236,255,0,48.07,0.0022821415187525033,-0.00021480254374749922,-4.3747972249999843e-07,-0.00044677544408346006,9.670091181154675e-06,-9.79193750000001e-06,0.9139738262568711,-0.04645359912062316,0.0076187474562525006,-2.742084288062241,1.512626725503508,0.5333333333333333,24.420555555555556,236,255,0,48.07,51.93,,0,0,-16.25921773818876,-1.6259217738188758,E5,T4,holdout
E5_T5,1096,634,462,0,57.85,0.006174892273518232,-0.0006109204139817757,-5.574091368446858e-07,-0.00056925316041354,9.739577718483015e-06,-1.4687906250000018e-05,0.9099709287426783,-0.09975700111765855,0.007222629586018224,-7.798768297665504,3.6617786901865372,1.1633333333333333,105.87833333333333,634,462,0,57.85,42.15,,0,0,-39.37232662174523,-3.9372326621745235,E5,T5,full
E5_T5,605,346,259,0,57.19,0.0033617456024546914,-0.00044242211629531283,-7.312762252815088e-07,-0.0007468146373294447,9.716027752759224e-06,-1.4687906250000018e-05,0.8837006806732783,-0.09975700111765855,0.007391127883704687,-5.647785694803931,4.661238751147842,1.6344444444444444,105.87833333333333,346,259,0,57.19,42.81,,0,0,-28.073015983454503,-2.8073015983454503,E5,T5,select
E5_T5,491,288,203,0,58.66,0.00281314667106354,-0.00016849829768646283,-3.4317372237568804e-07,-0.0003504655972075883,9.767870385637292e-06,-1.4687906250000014e-05,0.9434881417967403,-0.04912809583502311,0.007665051702313537,-2.150982602861573,2.4302647657841137,0.8072222222222222,36.309444444444445,288,203,0,58.66,41.34,,0,0,-11.299310638290734,-1.1299310638290736,E5,T5,holdout
E5_T6,1096,527,569,0,48.08,0.0076346490302269315,-0.0007227696260230776,-6.594613376122971e-07,-0.0006734738019031442,1.4487000057356606e-05,-1.4687906250000013e-05,0.9135175996618812,-0.13685063173597,0.007110780373976921,-9.226591086073089,5.10723286699108,1.7618055555555556,105.87833333333333,527,569,0,48.08,51.92,,0,0,-44.88291121195947,-4.488291121195946,E5,T6,full
E5_T6,605,286,319,0,47.27,0.004017677797210803,-0.0006677642965392017,-1.1037426389077713e-06,-0.001127195347098336,1.4047824465772039e-05,-1.4687906250000018e-05,0.8574810480680265,-0.12017512483908055,0.007165785703460798,-8.52441481243117,6.371030762167125,2.3380555555555556,105.87833333333333,286,319,0,47.27,52.73,,0,0,-42.802520774583286,-4.280252077458328,E5,T6,select
E5_T6,491,241,250,0,49.08,0.0036169712330161277,-5.500532948387595e-05,-1.1202714762500194e-07,-0.00011440753949359,1.5008179390108414e-05,-1.4687906250000014e-05,0.9850202394956392,-0.08094974033573066,0.007778544670516124,-0.702176273641919,3.550007354605114,1.1288888888888888,46.43638888888889,241,250,0,49.08,50.92,,0,0,-2.080390437376183,-0.20803904373761828,E5,T6,holdout
E5_T7,1096,520,576,0,47.45,0.01013239938306714,-0.0011479126169328703,-1.0473655263986044e-06,-0.0010696203140579735,1.948538342897527e-05,-1.958387500000002e-05,0.8982375117875402,-0.23539071862448782,0.006685637383067123,-14.653798302594323,9.473490216950527,3.5093055555555557,313.34527777777777,520,576,0,47.45,52.55,,0,0,-66.2411306047143,-6.62411306047143,E5,T7,full
E5_T7,605,274,331,0,45.29,0.005214126656615886,-0.0012681359683841202,-2.0960925097258183e-06,-0.0021406310137557748,1.9029659330714913e-05,-1.9583875000000023e-05,0.8043683136975464,-0.22720779570745633,0.006565414031615879,-16.188522041528064,12.479326905417816,5.1075,313.34527777777777,274,331,0,45.29,54.71,,0,0,-80.57722939973584,-8.057722939973583,E5,T7,select
E5_T7,491,246,245,0,50.1,0.004918272726451255,0.00012022335145124975,2.4485407627545775e-07,0.00025005682100754615,1.9992978562809978e-05,-1.9583875000000023e-05,1.0250567141050417,-0.08787042608374955,0.007953773351451249,1.5347237389337964,5.769760692464359,2.1127777777777776,87.40666666666667,246,245,0,50.1,49.9,,0,0,14.336098795021524,1.4336098795021524,E5,T7,holdout
E5_T8,1096,524,572,0,47.81,0.0038961745791932932,-0.00030456660830668165,-2.778892411557314e-07,-0.0002837939285822968,7.435447670216208e-06,-7.3439531249999555e-06,0.9274969357281587,-0.06436514887698976,0.007528983391693318,-3.8879768215774657,1.3019061739659368,0.4425,31.031666666666666,524,572,0,47.81,52.19,,0,0,-21.105203268678864,-2.1105203268678867,E5,T8,full
E5_T8,605,298,307,0,49.26,0.0020099626547400063,-0.00024463095463498133,-4.0434868534707655e-07,-0.00041294042710860487,6.744841123288612e-06,-7.34395312499996e-06,0.8914966521603876,-0.06436514887698976,0.0075889190453650186,-3.1228619800088286,1.5474696969696968,0.6133333333333333,31.031666666666666,298,307,0,49.26,50.74,,0,0,-15.135110313054362,-1.5135110313054363,E5,T8,select
E5_T8,491,226,265,0,46.03,0.001886211924453287,-5.993565367170032e-05,-1.2206854108289272e-07,-0.00012466229597859712,8.346070462182685e-06,-7.343953124999951e-06,0.9692029246161048,-0.03906019993589293,0.007773614346328299,-0.7651148415686482,0.9993279022403257,0.3352777777777778,24.405833333333334,226,265,0,46.03,53.97,,0,0,-5.970092955624498,-0.5970092955624497,E5,T8,holdout
E5_T9,1096,527,569,0,48.08,0.007680601576617939,-0.0006768170796320702,-6.17533831781086e-07,-0.0006306554058183948,1.457419654007199e-05,-1.4687906250000013e-05,0.9190160135000635,-0.12104866635860533,0.00715673292036793,-8.639979059712,5.0445881488240065,1.7066666666666666,104.33888888888889,527,569,0,48.08,51.92,,0,0,-42.958407781591355,-4.2958407781591355,E5,T9,full
E5_T9,605,286,319,0,47.27,0.004133644288358062,-0.000551797805391943,-9.120624882511456e-07,-0.0009314423098096218,1.4453301707545671e-05,-1.4687906250000018e-05,0.8822314320930362,-0.10727680035470541,0.007281752194608057,-7.044032467935269,6.298569788797061,2.270277777777778,104.33888888888889,286,319,0,47.27,52.73,,0,0,-35.41535653876552,-3.541535653876552,E5,T9,select
E5_T9,491,241,250,0,49.08,0.003546957288259877,-0.0001250192742401271,-2.5462173979659287e-07,-0.0002600320312467196,1.4717665096514011e-05,-1.4687906250000014e-05,0.9659531393754296,-0.07985866265176085,0.007708530725759873,-1.5959465917767424,3.499458022176963,1.1002777777777777,45.00111111111111,241,250,0,49.08,50.92,,0,0,-7.543051242825836,-0.7543051242825837,E5,T9,holdout
E5_T10,1096,590,506,0,53.83,0.008532048300078005,-0.0013773924499220058,-1.2567449360602242e-06,-0.0012834486903743256,1.4461098813691532e-05,-1.9583875000000016e-05,0.8610019995404884,-0.23373130112315674,0.006456157550077988,-17.583247058128325,7.329478152879156,2.346111111111111,255.46972222222223,590,506,0,53.83,46.17,,0,0,-87.06156989877661,-8.70615698987766,E5,T10,full
E5_T10,605,320,285,0,52.89,0.004505952995387042,-0.0010754513796129642,-1.777605586137131e-06,-0.0018153767690379265,1.4081103110584505e-05,-1.958387500000002e-05,0.8073152727600098,-0.19730741251135175,0.006758098620387034,-13.728786815849336,9.428634527089073,3.631666666666667,255.46972222222223,320,285,0,52.89,47.11,,0,0,-68.45642979878333,-6.845642979878333,E5,T10,select
E5_T10,491,270,221,0,54.99,0.004026095304690962,-0.0003019410703090417,-6.14951263358537e-07,-0.000628017962082108,1.4911464091448007e-05,-1.9583875000000016e-05,0.9302360137144084,-0.09085511171279323,0.007531608929690958,-3.8544602422789342,4.742941276306856,1.6691666666666667,52.786944444444444,270,221,0,54.99,45.01,,0,0,-18.60514009999329,-1.860514009999329,E5,T10,holdout
